id,wmid,url,name,avatar_url,intro_body,reviews_count,rating,feature_order,package_level,package_level_raw,license_type,address,city,region,state,zip_code,phone_number,latitude,longitude,todays_hours,is_delivery,has_testing,is_recreational,hours_of_operation,published,admin_url,description,listing_url,region_slug_path,salesforce_url,_type,distance,ranking,feature_level_raw,slug,email,todays_deal,customer_display_word,first_time_announcement,announcement,time_zone_identifier,verified_seller,num_menu_items
51702,967594772,https://weedmaps.com/dispensaries/mission-il,Mission South Shore,https://images.weedmaps.com/dispensaries/000/051/702/avatar/square_fill/1567097687-Large_Flame.png,"<p>Mission South Shore is named for its goal: to redefine medical cannabis healing one patient at a time. The Mission team provides an inclusive, educational environment where patients can learn about and access Illinois' best quality cannabis medicine.</p>",10,4.4,1,listing_plus,2,medical,8554 S Commercial Ave,Chicago,Chicago South,Illinois,60617,(833) 768-4357,41.739374,-87.551765,"{'opening_time': '10:00am', 'closing_time': ' 6:00pm', 'open_status': 'CLOSED', 'displayed_hours': 'Closed', 'minutes_till_close': -140, 'opening_time_in_minutes': 600, 'closing_time_in_minutes': 1080}",False,False,False,"{'sunday': 'Closed', 'monday': '10:00am -  6:00pm', 'tuesday': '10:00am -  6:00pm', 'wednesday': '10:00am -  6:00pm', 'thursday': '10:00am -  6:00pm', 'friday': '10:00am -  6:00pm', 'saturday': '10:00am -  6:00pm'}",True,https://weedmaps.com/new_admin/dispensaries/mission-il/edit,"<p>Mission South Shore is named for its goal: to redefine medical cannabis healing one patient at a time. The Mission team provides an inclusive, educational environment where patients can learn about and access Illinois' best quality cannabis medicine.</p>",https://weedmaps.com/dispensaries/mission-il,/dispensaries/in/united-states/illinois/chicago-south,https://na6.salesforce.com/_ui/search/ui/UnifiedSearchResults?searchType=2&str=51702,dispensary,,3.32211528713378,4,mission-il,rick.a@missioncan.com,,Customer,,,America/Chicago,True,222
45480,363363574,https://weedmaps.com/dispensaries/pharmacannis-ottawa,Verilife - Ottawa,https://images.weedmaps.com/dispensaries/000/045/480/avatar/square_fill/1562027033-Verilife_Instagram_icon_orange_IL-02.png,"<p>Verilife is more than a cannabis dispensary—it’s a way to heal better, feel better and live better. At our local Ottawa, IL cannabis dispensary we have the finest cannabis in flower, edible, tincture, and vapor form. All Verilife dispensaries have cannabis that is designed to work for everyone. Our Ottawa dispensary is easy to get to, accessible to anyone and staffed with knowledgeable, compassionate, and engaged experts. From our medicinal cannabis products to our exceptional one-on-one customer care, we bring truth and transparency so you can live your highest quality of life.</p>",2,4.4,,basic,1,medical,4104 North Columbus Street,Ottawa,"Ottawa, IL",Illinois,61350,(888) 493-6066,41.379534,-88.835174,"{'opening_time': '11:00am', 'closing_time': ' 7:00pm', 'open_status': 'CLOSED', 'displayed_hours': 'Closed', 'minutes_till_close': -80, 'opening_time_in_minutes': 660, 'closing_time_in_minutes': 1140}",False,False,False,"{'sunday': 'Closed', 'monday': 'Closed', 'tuesday': '11:00am -  7:00pm', 'wednesday': '11:00am -  7:00pm', 'thursday': '11:00am -  7:00pm', 'friday': '11:00am -  7:00pm', 'saturday': ' 9:00am -  4:00pm'}",True,https://weedmaps.com/new_admin/dispensaries/pharmacannis-ottawa/edit,"<p>Verilife is more than a cannabis dispensary—it’s a way to heal better, feel better and live better. At our local Ottawa, IL cannabis dispensary we have the finest cannabis in flower, edible, tincture, and vapor form. All Verilife dispensaries have cannabis that is designed to work for everyone. Our Ottawa dispensary is easy to get to, accessible to anyone and staffed with knowledgeable, compassionate, and engaged experts. From our medicinal cannabis products to our exceptional one-on-one customer care, we bring truth and transparency so you can live your highest quality of life.</p>",https://weedmaps.com/dispensaries/pharmacannis-ottawa,/dispensaries/in/united-states/illinois/ottawa-il,https://na6.salesforce.com/_ui/search/ui/UnifiedSearchResults?searchType=2&str=45480,dispensary,,2.61203319071753,1,pharmacannis-ottawa,contact@verilife.com,,Customer,"<p>New Patient Discount</p> <p>Become a patient at Verilife and receive 15% off your first purchase.*</p> <p>*Offer good for new, first-time patients only. Some exclusions may apply.</p>","<p>Interested in joining a Verilife dispensary near you? Copy the link below and complete the form below, and we'll complete the transfer for you.</p> <p>https://www.verilife.com/il/patients-caregivers/transfer-to-verilife</p>",America/Chicago,False
49756,988335119,https://weedmaps.com/dispensaries/the-herbal-care-center,The Herbal Care Center,https://images.weedmaps.com/dispensaries/000/049/756/avatar/square_fill/1572626781-1510583060-The_Herbal_Care_Center_North_Chicago.jpg,<p><strong>Largest Cannabis Inventory in Illinois!</strong></p>,345,4.94028985507246,,basic,1,medical,1301 S Western Ave,Chicago,Chicago South,Illinois,60608,(773) 724-4200,41.864562,-87.68566,"{'opening_time': '10:00am', 'closing_time': ' 8:00pm', 'open_status': 'CLOSED', 'displayed_hours': 'Closed', 'minutes_till_close': -20, 'opening_time_in_minutes': 600, 'closing_time_in_minutes': 1200}",False,False,False,"{'sunday': '10:00am -  3:00pm', 'monday': '10:00am -  3:00pm', 'tuesday': '10:00am -  8:00pm', 'wednesday': '10:00am -  8:00pm', 'thursday': '10:00am -  8:00pm', 'friday': '10:00am -  8:00pm', 'saturday': '10:00am -  8:00pm'}",True,https://weedmaps.com/new_admin/dispensaries/the-herbal-care-center/edit,<p><strong>Largest Cannabis Inventory in Illinois!</strong></p>,https://weedmaps.com/dispensaries/the-herbal-care-center,/dispensaries/in/united-states/illinois/chicago-south,https://na6.salesforce.com/_ui/search/ui/UnifiedSearchResults?searchType=2&str=49756,dispensary,,4.86976783060335,1,the-herbal-care-center,infomation@thc-1301.com,,Customer,"<p>Register with us today to receive $20 off your first purchase! We offer an EVERYDAY DISCOUNT programs for: Veterans, Seniors, and those who qualify for our Compassion Program!</p>","<p><strong>We will be OPEN for Recrecation Adult use January 01, 2020! </strong></p> <p>Stay Tuned for details!</p>",America/Chicago,False,170
49910,236733124,https://weedmaps.com/dispensaries/maribis-of-springfield,Maribis of Springfield,https://images.weedmaps.com/dispensaries/000/049/910/avatar/square_fill/1510583072-Maribis__3_.png,,228,4.93508771929825,,basic,1,medical,2272 North Grand Avenue East,Springfield,"Springfield, IL",Illinois,62702,(217) 503-4296,39.816519,-89.619446,"{'opening_time': ' 9:00am', 'closing_time': ' 8:00pm', 'open_status': 'CLOSED', 'displayed_hours': 'Closed', 'minutes_till_close': -20, 'opening_time_in_minutes': 540, 'closing_time_in_minutes': 1200}",False,False,False,"{'sunday': '10:00am -  2:00pm', 'monday': ' 9:00am -  8:00pm', 'tuesday': ' 9:00am -  8:00pm', 'wednesday': ' 9:00am -  8:00pm', 'thursday': ' 9:00am -  8:00pm', 'friday': ' 9:00am -  8:00pm', 'saturday': '10:00am -  4:00pm'}",True,https://weedmaps.com/new_admin/dispensaries/maribis-of-springfield/edit,,https://weedmaps.com/dispensaries/maribis-of-springfield,/dispensaries/in/united-states/illinois/springfield,https://na6.salesforce.com/_ui/search/ui/UnifiedSearchResults?searchType=2&str=49910,dispensary,,4.84529599356334,1,maribis-of-springfield,info@MaribisOfSpringfield.com,,Customer,"<p class=""md-body-2 ng-binding"">Two for Tuesday!</p> <p class=""md-body-1 ng-binding""> </p> <p class=""md-body-1 ng-binding"">Grassroots Torches 2 for $40!</p> <p class=""md-body-1 ng-binding""> </p> <p class=""md-body-1 ng-binding"">Today Only!</p> <p class=""md-body-1 ng-binding""> </p> <p class=""md-body-1 ng-binding""> </p> <p> </p>",,America/Chicago,True,185
48802,697977249,https://weedmaps.com/dispensaries/columbia-care-dispensary-illinois,Columbia Care Dispensary - Illinois,https://images.weedmaps.com/dispensaries/000/048/802/avatar/square_fill/1510583013-Desktop_Background.JPG,"<p>::::: Best OZ. Prices in the City! Mix & Match 1/8ths from Ataraxia, Cresco, GTI, and more! :::::   WHEEL WEDNESDAY! Spin the prize wheel every Wednesday. Every spin wins a FREE prize! ::::: NOW ACCEPTING DEBIT!</p> <p> </p> <p>Prices and product availability are subject to change without notice. We make reasonable efforts to keep this information up-to-date but make no guarantee that product will be available in the dispensary.  We occasionally run promotion prices as incentives or limited time opportunities for qualifying purchases made during the promotional time period. Due to the time-sensitive and promotional nature of these events, we are unable to offer price protection or retroactive discounts or refunds for previous purchases in the event of a price reduction or promotional offering. Although Columbia Care makes every effort to ensure the accuracy of the information published on this website, such information may contain technical inaccuracies or typographical errors. Actual products may differ slightly in appearance to images shown.  Columbia Care makes no representation about the suitability of the information represented on this site. All such information is provided ""as is"" without warranty of any kind.</p>",153,4.92941176470588,,basic,1,medical,4758 N. Milwaukee Ave.,Chicago,Chicago North,Illinois,60630,(312) 948-9082,41.96689,-87.760253,"{'opening_time': '11:00am', 'closing_time': ' 7:00pm', 'open_status': 'CLOSED', 'displayed_hours': 'Closed', 'minutes_till_close': -80, 'opening_time_in_minutes': 660, 'closing_time_in_minutes': 1140}",False,False,False,"{'sunday': 'Closed', 'monday': '11:00am -  7:00pm', 'tuesday': '11:00am -  7:00pm', 'wednesday': '11:00am -  7:00pm', 'thursday': '11:00am -  7:00pm', 'friday': '11:00am -  7:00pm', 'saturday': '11:00am -  4:00pm'}",True,https://weedmaps.com/new_admin/dispensaries/columbia-care-dispensary-illinois/edit,"<p>::::: Best OZ. Prices in the City! Mix & Match 1/8ths from Ataraxia, Cresco, GTI, and more! :::::   WHEEL WEDNESDAY! Spin the prize wheel every Wednesday. Every spin wins a FREE prize! ::::: NOW ACCEPTING DEBIT!</p> <p> </p> <p>Prices and product availability are subject to change without notice. We make reasonable efforts to keep this information up-to-date but make no guarantee that product will be available in the dispensary.  We occasionally run promotion prices as incentives or limited time opportunities for qualifying purchases made during the promotional time period. Due to the time-sensitive and promotional nature of these events, we are unable to offer price protection or retroactive discounts or refunds for previous purchases in the event of a price reduction or promotional offering. Although Columbia Care makes every effort to ensure the accuracy of the information published on this website, such information may contain technical inaccuracies or typographical errors. Actual products may differ slightly in appearance to images shown.  Columbia Care makes no representation about the suitability of the information represented on this site. All such information is provided ""as is"" without warranty of any kind.</p>",https://weedmaps.com/dispensaries/columbia-care-dispensary-illinois,/dispensaries/in/united-states/illinois/chicago,https://na6.salesforce.com/_ui/search/ui/UnifiedSearchResults?searchType=2&str=48802,dispensary,,4.81399038912558,1,columbia-care-dispensary-illinois,info@col-careil.com,,Customer,<p>NEW PATIENTS: $30 In-store credit on your first purchase Referral Special: $30 credit when you refer a new patient</p> <p>Review Special: Give us a review on Weedmaps and receive a $5 credit off your next purchase!</p>,,America/Chicago,False,166
49911,448216579,https://weedmaps.com/dispensaries/maribis-of-chicago,Maribis of Chicago,https://images.weedmaps.com/dispensaries/000/049/911/avatar/square_fill/1571264023-1510583072-Maribis__3_.jpg,<p><strong>DAILY DEALS!!!                               </strong></p> <p><strong>Munchie Monday                           </strong></p> <p><strong>Two for Tuesday                                </strong></p> <p><strong>Wax Wednesday                                  </strong></p> <p><strong>Therapeutic Thursday                          </strong></p> <p><strong>Flash Friday                                         </strong></p> <p><strong>Shatterday Saturday                       </strong></p> <p><strong>Sunday Fundaze                                  </strong></p>,110,4.87636363636364,,basic,1,medical,4570 S Archer Ave,Chicago,Chicago South,Illinois,60632,(773) 940-2216,41.810374,-87.711047,"{'opening_time': '10:00am', 'closing_time': ' 7:00pm', 'open_status': 'CLOSED', 'displayed_hours': 'Closed', 'minutes_till_close': -80, 'opening_time_in_minutes': 600, 'closing_time_in_minutes': 1140}",False,False,False,"{'sunday': '10:00am -  2:00pm', 'monday': '10:00am -  7:00pm', 'tuesday': '10:00am -  7:00pm', 'wednesday': '10:00am -  7:00pm', 'thursday': '10:00am -  7:00pm', 'friday': '10:00am -  7:00pm', 'saturday': '10:00am -  3:00pm'}",True,https://weedmaps.com/new_admin/dispensaries/maribis-of-chicago/edit,<p><strong>DAILY DEALS!!!                               </strong></p> <p><strong>Munchie Monday                           </strong></p> <p><strong>Two for Tuesday                                </strong></p> <p><strong>Wax Wednesday                                  </strong></p> <p><strong>Therapeutic Thursday                          </strong></p> <p><strong>Flash Friday                                         </strong></p> <p><strong>Shatterday Saturday                       </strong></p> <p><strong>Sunday Fundaze                                  </strong></p>,https://weedmaps.com/dispensaries/maribis-of-chicago,/dispensaries/in/united-states/illinois/chicago-south,https://na6.salesforce.com/_ui/search/ui/UnifiedSearchResults?searchType=2&str=49911,dispensary,,4.67792176912924,1,maribis-of-chicago,info@maribisofchicago.com,,Customer,<p><strong>First Time Patients receive 10% off FIRST purchase!!!!</strong></p> <p> </p> <p> </p>,<p><strong>Vet and CDP 10% Discount</strong></p> <p><strong>Bring in your Maribis Bag for an additional $5 discount off a purchase $25+</strong></p>,America/Chicago,False,209
39711,978887554,https://weedmaps.com/dispensaries/midwest-compassion-center,Verilife - Romeoville,https://images.weedmaps.com/dispensaries/000/039/711/avatar/square_fill/1569263975-Screen_Shot_2019-09-23_at_1.33.08_PM.png,<p>How can we help you feel better today?</p>,82,4.84146341463415,,basic,1,medical,1335 Lakeside Dr. Unit 4,Romeoville,Joliet,Illinois,60446,(630) 359-3213,41.670599,-88.073519,"{'opening_time': '10:00am', 'closing_time': ' 7:00pm', 'open_status': 'CLOSED', 'displayed_hours': 'Closed', 'minutes_till_close': -80, 'opening_time_in_minutes': 600, 'closing_time_in_minutes': 1140}",False,False,False,"{'sunday': 'Closed', 'monday': '10:00am -  7:00pm', 'tuesday': '10:00am -  7:00pm', 'wednesday': '10:00am -  7:00pm', 'thursday': '10:00am -  7:00pm', 'friday': '10:00am -  7:00pm', 'saturday': ' 9:00am -  4:00pm'}",True,https://weedmaps.com/new_admin/dispensaries/midwest-compassion-center/edit,<p>How can we help you feel better today?</p>,https://weedmaps.com/dispensaries/midwest-compassion-center,/dispensaries/in/united-states/illinois/joliet,https://na6.salesforce.com/_ui/search/ui/UnifiedSearchResults?searchType=2&str=39711,dispensary,,4.59812061528635,1,midwest-compassion-center,contact@verilife.com,,Customer,"<p>New Patient Discount</p> <p>Become a patient at Verilife and receive 15% off your first purchase.*</p> <p>*Offer good for new, first-time patients only. Some exclusions may apply.</p>","<p>Interested in joining a Verilife dispensary near you? Copy the link below and complete the form below, and we'll complete the transfer for you.</p> <p>https://www.verilife.com/il/patients-caregivers/transfer-to-verilife</p>",America/Chicago,False,123
49421,278669771,https://weedmaps.com/dispensaries/the-green-solution-illinois-sauget,The Green Solution Illinois - Sauget,https://images.weedmaps.com/dispensaries/000/049/421/avatar/square_fill/1573579981-logo_black.jpg,,212,4.73018867924528,,basic,1,medical,2021 Goose Lake Road,Sauget,Collinsville / Fairview Heights,Illinois,62206,(618) 663-4311,38.563936,-90.133476,"{'opening_time': '10:00am', 'closing_time': ' 6:00pm', 'open_status': 'CLOSED', 'displayed_hours': 'Closed', 'minutes_till_close': -140, 'opening_time_in_minutes': 600, 'closing_time_in_minutes': 1080}",False,False,False,"{'sunday': 'Closed', 'monday': '10:00am -  6:00pm', 'tuesday': '10:00am -  6:00pm', 'wednesday': '10:00am -  6:00pm', 'thursday': '10:00am -  6:00pm', 'friday': '10:00am -  6:00pm', 'saturday': '10:00am -  6:00pm'}",True,https://weedmaps.com/new_admin/dispensaries/the-green-solution-illinois-sauget/edit,,https://weedmaps.com/dispensaries/the-green-solution-illinois-sauget,/dispensaries/in/united-states/illinois/collinsville-fairview-heights,https://na6.salesforce.com/_ui/search/ui/UnifiedSearchResults?searchType=2&str=49421,dispensary,,4.58769478063358,1,the-green-solution-illinois-sauget,info@tgsillinois.com,,Customer,,,America/Chicago,True,244
49422,937234311,https://weedmaps.com/dispensaries/the-green-solution-illinois-normal,The Green Solution Illinois - Normal,https://images.weedmaps.com/dispensaries/000/049/422/avatar/square_fill/1573579868-logo_black.jpg,,561,4.64705882352941,,basic,1,medical,501 West Northtown Road,Normal,Bloomington / Normal,Illinois,61761,(309) 434-5141,40.546324,-88.994486,"{'opening_time': '10:00am', 'closing_time': ' 5:00pm', 'open_status': 'CLOSED', 'displayed_hours': 'Closed', 'minutes_till_close': -200, 'opening_time_in_minutes': 600, 'closing_time_in_minutes': 1020}",False,False,False,"{'sunday': 'Closed', 'monday': '10:00am -  5:00pm', 'tuesday': '10:00am -  5:00pm', 'wednesday': '10:00am -  5:00pm', 'thursday': '10:00am -  5:00pm', 'friday': '10:00am -  6:00pm', 'saturday': '10:00am -  6:00pm'}",True,https://weedmaps.com/new_admin/dispensaries/the-green-solution-illinois-normal/edit,,https://weedmaps.com/dispensaries/the-green-solution-illinois-normal,/dispensaries/in/united-states/illinois/bloomington-normal,https://na6.salesforce.com/_ui/search/ui/UnifiedSearchResults?searchType=2&str=49422,dispensary,,4.56784484018914,1,the-green-solution-illinois-normal,info@tgsillinois.com,,Customer,,,America/Chicago,True,224
47623,387445664,https://weedmaps.com/dispensaries/mindful-medical-marijuana-dispensary,Mindful Medical Marijuana Dispensary,https://images.weedmaps.com/dispensaries/000/047/623/avatar/square_fill/1510583023-mindful_weedmaps-01.png,"<p>The Finest Selection of Premium Flowers, Concentrates, Edibles, Tinctures, Capsules, Topicals, RSO, and Accessories on Display @ The Largest MMJ Showroom in the Entire State of Illinois.</p>",85,4.68235294117647,,basic,1,medical,1433 W. Fullerton Ave. Unit C,Addison,Chicago North,Illinois,60101,(630) 519-1300,41.918579,-88.024407,"{'opening_time': '11:00am', 'closing_time': ' 7:00pm', 'open_status': 'CLOSED', 'displayed_hours': 'Closed', 'minutes_till_close': -80, 'opening_time_in_minutes': 660, 'closing_time_in_minutes': 1140}",False,False,False,"{'sunday': '11:00am -  3:00pm', 'monday': '11:00am -  3:00pm', 'tuesday': '11:00am -  7:00pm', 'wednesday': '11:00am -  7:00pm', 'thursday': '11:00am -  8:00pm', 'friday': '11:00am -  7:00pm', 'saturday': '11:00am -  6:00pm'}",True,https://weedmaps.com/new_admin/dispensaries/mindful-medical-marijuana-dispensary/edit,"<p>The Finest Selection of Premium Flowers, Concentrates, Edibles, Tinctures, Capsules, Topicals, RSO, and Accessories on Display @ The Largest MMJ Showroom in the Entire State of Illinois.</p>",https://weedmaps.com/dispensaries/mindful-medical-marijuana-dispensary,/dispensaries/in/united-states/illinois/chicago,https://na6.salesforce.com/_ui/search/ui/UnifiedSearchResults?searchType=2&str=47623,dispensary,,4.4108753536206,1,mindful-medical-marijuana-dispensary,info@mindfulmmj.com,,Customer,<p>FREE 1G JOINT or SINGLE EDIBLE FOR ALL NEW PATIENTS!!!</p> <p>***10% OFF for Veterans and SSI Recipients EVERYDAY***</p> <p>ATM NOW ON LOCATION!</p>,"<p>*Loyalty program*: </p> <p>$25 off, every $1000 Spent! </p> <p>To view our complete menu: menu.mindfulmmj.com</p>",America/Chicago,False,485
56101,468103106,https://weedmaps.com/dispensaries/zen-leaf-il-st-charles,Zen Leaf St. Charles,https://images.weedmaps.com/dispensaries/000/056/101/avatar/square_fill/1567703970-Zen_Leaf_Logo.png,"<p>Zen Leaf is a partnership with proven experience dedicated to IMPROVING LIVES NATURALLY. We are energized by bringing new solutions and treatments to a growing patient population and evolving cannabis industry. We are ambassadors to the communities in which we work and live. We foster industry excellence and embrace education and enlightenment. We display a relentless passion for our patients, going above and beyond for their well-being.</p>",15,5.0,,basic,1,medical,3714 Illinois Avenue,St. Charles,"Aurora, IL",Illinois,60174,(630) 377-7373,41.918681,-88.270725,"{'opening_time': '11:00am', 'closing_time': ' 6:00pm', 'open_status': 'CLOSED', 'displayed_hours': 'Closed', 'minutes_till_close': -140, 'opening_time_in_minutes': 660, 'closing_time_in_minutes': 1080}",False,False,False,"{'sunday': '10:00am -  5:00pm', 'monday': '11:00am -  6:00pm', 'tuesday': '11:00am -  6:00pm', 'wednesday': '11:00am -  6:00pm', 'thursday': '11:00am -  6:00pm', 'friday': '11:00am -  6:00pm', 'saturday': '10:00am -  5:00pm'}",True,https://weedmaps.com/new_admin/dispensaries/zen-leaf-il-st-charles/edit,"<p>Zen Leaf is a partnership with proven experience dedicated to IMPROVING LIVES NATURALLY. We are energized by bringing new solutions and treatments to a growing patient population and evolving cannabis industry. We are ambassadors to the communities in which we work and live. We foster industry excellence and embrace education and enlightenment. We display a relentless passion for our patients, going above and beyond for their well-being.</p>",https://weedmaps.com/dispensaries/zen-leaf-il-st-charles,/dispensaries/in/united-states/illinois/aurora-il,https://na6.salesforce.com/_ui/search/ui/UnifiedSearchResults?searchType=2&str=56101,dispensary,,4.09744121990873,1,zen-leaf-il-st-charles,info@zenleafil.com,,Customer,,<p>Place pre orders online at zenleafil.com</p>,America/Chicago,False,163
47274,162047307,https://weedmaps.com/dispensaries/midway-dispensary,Midway Dispensary,https://images.weedmaps.com/dispensaries/000/047/274/avatar/square_fill/1572457758-sitemgr_photo_13008.jpg,,36,4.58888888888889,,basic,1,medical,5648 S. Archer Avenue,Chicago,Chicago South,Illinois,60638,(872) 267-7038,41.7973422,-87.7520303,"{'opening_time': '10:00am', 'closing_time': ' 6:00pm', 'open_status': 'CLOSED', 'displayed_hours': 'Closed', 'minutes_till_close': -140, 'opening_time_in_minutes': 600, 'closing_time_in_minutes': 1080}",False,False,False,"{'sunday': '10:00am -  4:00pm', 'monday': '10:00am -  6:00pm', 'tuesday': '10:00am -  6:00pm', 'wednesday': '10:00am -  8:00pm', 'thursday': '10:00am -  8:00pm', 'friday': '10:00am -  8:00pm', 'saturday': '10:00am -  6:00pm'}",True,https://weedmaps.com/new_admin/dispensaries/midway-dispensary/edit,,https://weedmaps.com/dispensaries/midway-dispensary,/dispensaries/in/united-states/illinois/chicago-south,https://na6.salesforce.com/_ui/search/ui/UnifiedSearchResults?searchType=2&str=47274,dispensary,,4.09172616032323,1,midway-dispensary,info@midwaydispensary.com,,Customer,<p>First time patients receive 10% off purchase </p>,,America/Chicago,True,294
45249,504293160,https://weedmaps.com/dispensaries/earthmed-2,EarthMed,https://images.weedmaps.com/dispensaries/000/045/249/avatar/square_fill/1571267213-https___s3.amazonaws.com_leafly-s3_logos_hG7SggIwQD6oIuAXvn9T_earth-med-green-cross-3.png,,21,4.76190476190476,,basic,1,medical,852 South Westgate Dr.,Addison,Chicago North,Illinois,60101,(630) 607-0796,41.910785,-87.993678,"{'opening_time': '11:00am', 'closing_time': ' 7:00pm', 'open_status': 'CLOSED', 'displayed_hours': 'Closed', 'minutes_till_close': -80, 'opening_time_in_minutes': 660, 'closing_time_in_minutes': 1140}",False,False,False,"{'sunday': '12:00pm -  5:00pm', 'monday': '11:00am -  7:00pm', 'tuesday': '11:00am -  7:00pm', 'wednesday': '11:00am -  7:00pm', 'thursday': '11:00am -  8:00pm', 'friday': '11:00am -  8:00pm', 'saturday': '11:00am -  8:00pm'}",True,https://weedmaps.com/new_admin/dispensaries/earthmed-2/edit,,https://weedmaps.com/dispensaries/earthmed-2,/dispensaries/in/united-states/illinois/chicago,https://na6.salesforce.com/_ui/search/ui/UnifiedSearchResults?searchType=2&str=45249,dispensary,,4.0915166733318,1,earthmed-2,earthmedaddison@gmail.com,,Customer,,,America/Chicago,True,111
45191,270970456,https://weedmaps.com/dispensaries/moca-modern-cannabis,MOCA | Modern Cannabis,https://images.weedmaps.com/dispensaries/000/045/191/avatar/square_fill/1572297789-images.png,<p>Welcome to MOCA – Chicago’s leading medical cannabis dispensary. We are proud to offer the best product selection and patient experience in IL!</p>,28,4.60714285714286,,basic,1,medical,2847 W. Fullerton Avenue,Chicago,Chicago North,Illinois,60647,(773) 722-6622,41.9246065,-87.701443,"{'opening_time': ' 1:00pm', 'closing_time': ' 7:00pm', 'open_status': 'CLOSED', 'displayed_hours': 'Closed', 'minutes_till_close': -80, 'opening_time_in_minutes': 780, 'closing_time_in_minutes': 1140}",False,False,False,"{'sunday': '12:00pm -  4:00pm', 'monday': ' 1:00pm -  7:00pm', 'tuesday': ' 1:00pm -  7:00pm', 'wednesday': '10:00am -  2:00pm', 'thursday': ' 1:00pm -  7:00pm', 'friday': ' 1:00pm -  7:00pm', 'saturday': '12:00pm -  5:00pm'}",True,https://weedmaps.com/new_admin/dispensaries/moca-modern-cannabis/edit,<p>Welcome to MOCA – Chicago’s leading medical cannabis dispensary. We are proud to offer the best product selection and patient experience in IL!</p>,https://weedmaps.com/dispensaries/moca-modern-cannabis,/dispensaries/in/united-states/illinois/chicago,https://na6.salesforce.com/_ui/search/ui/UnifiedSearchResults?searchType=2&str=45191,dispensary,,4.07516416425737,1,moca-modern-cannabis,info@moderncann.com,,Customer,,,America/Chicago,True,168
49740,418270913,https://weedmaps.com/dispensaries/numed-east-peoria,NuMed - East Peoria,https://images.weedmaps.com/dispensaries/000/049/740/avatar/square_fill/1549558527-1510583050-Numed.png,,37,4.58918918918919,,basic,1,medical,504 Riverside Drive,East Peoria,"Peoria, IL",Illinois,61611,(309) 839-1330,40.680972,-89.582002,"{'opening_time': '11:00am', 'closing_time': ' 7:00pm', 'open_status': 'CLOSED', 'displayed_hours': 'Closed', 'minutes_till_close': -80, 'opening_time_in_minutes': 660, 'closing_time_in_minutes': 1140}",False,False,False,"{'sunday': 'Closed', 'monday': 'Closed', 'tuesday': '11:00am -  7:00pm', 'wednesday': '11:00am -  7:00pm', 'thursday': '11:00am -  7:00pm', 'friday': '11:00am -  7:00pm', 'saturday': ' 9:00am -  6:00pm'}",True,https://weedmaps.com/new_admin/dispensaries/numed-east-peoria/edit,,https://weedmaps.com/dispensaries/numed-east-peoria,/dispensaries/in/united-states/illinois/peoria-springfield,https://na6.salesforce.com/_ui/search/ui/UnifiedSearchResults?searchType=2&str=49740,dispensary,,4.07503828216341,1,numed-east-peoria,urbana@numed.com,,Customer,,,America/Chicago,False
45369,961296335,https://weedmaps.com/dispensaries/rise-mundelein,RISE Mundelein,https://images.weedmaps.com/dispensaries/000/045/369/avatar/square_fill/1573598077-Rise_logo_square_2.0.png,<p>Welcome to the family! We're excited to announce that The Clinic Mundelein is becoming Rise Mundelein! The same care and service you love with a new look and trusted name. </p>,13,4.70769230769231,,basic,1,medical,1325 Armour Blvd,Mundelein,Mundelein,Illinois,60060,(847) 616-8966,42.23805,-87.983978,"{'opening_time': '11:00am', 'closing_time': ' 6:00pm', 'open_status': 'CLOSED', 'displayed_hours': 'Closed', 'minutes_till_close': -140, 'opening_time_in_minutes': 660, 'closing_time_in_minutes': 1080}",False,False,False,"{'sunday': '12:00pm -  3:00pm', 'monday': 'Closed', 'tuesday': '11:00am -  6:00pm', 'wednesday': '12:00pm -  6:00pm', 'thursday': '12:00pm -  6:00pm', 'friday': '11:00am -  6:00pm', 'saturday': '12:00pm -  5:00pm'}",True,https://weedmaps.com/new_admin/dispensaries/rise-mundelein/edit,<p>Welcome to the family! We're excited to announce that The Clinic Mundelein is becoming Rise Mundelein! The same care and service you love with a new look and trusted name. </p>,https://weedmaps.com/dispensaries/rise-mundelein,/dispensaries/in/united-states/illinois/mundelein,https://na6.salesforce.com/_ui/search/ui/UnifiedSearchResults?searchType=2&str=45369,dispensary,,3.82624934680514,1,rise-mundelein,mundelein@risecannabis.com,,Customer,,,America/Chicago,False
56099,209726497,https://weedmaps.com/dispensaries/zen-leaf-il-chicago,Zen Leaf Chicago,https://images.weedmaps.com/dispensaries/000/056/099/avatar/square_fill/1529347716-Zen_Leaf.png,"<p>Zen Leaf is a partnership with proven experience dedicated to IMPROVING LIVES NATURALLY. We are energized by bringing new solutions and treatments to a growing patient population and evolving cannabis industry. We are ambassadors to the communities in which we work and live. We foster industry excellence and embrace education and enlightenment. We display a relentless passion for our patients, going above and beyond for their well-being.</p>",10,5.0,,basic,1,medical,6428 N. Milwaukee Ave,Chicago,Chicago North,Illinois,60631,872-304-3113,41.997839,-87.788742,"{'opening_time': '11:00am', 'closing_time': ' 6:00pm', 'open_status': 'CLOSED', 'displayed_hours': 'Closed', 'minutes_till_close': -140, 'opening_time_in_minutes': 660, 'closing_time_in_minutes': 1080}",False,False,False,"{'sunday': 'Closed', 'monday': '11:00am -  6:00pm', 'tuesday': '11:00am -  6:00pm', 'wednesday': '11:00am -  6:00pm', 'thursday': '11:00am -  6:00pm', 'friday': '11:00am -  6:00pm', 'saturday': '11:00am -  3:00pm'}",True,https://weedmaps.com/new_admin/dispensaries/zen-leaf-il-chicago/edit,"<p>Zen Leaf is a partnership with proven experience dedicated to IMPROVING LIVES NATURALLY. We are energized by bringing new solutions and treatments to a growing patient population and evolving cannabis industry. We are ambassadors to the communities in which we work and live. We foster industry excellence and embrace education and enlightenment. We display a relentless passion for our patients, going above and beyond for their well-being.</p>",https://weedmaps.com/dispensaries/zen-leaf-il-chicago,/dispensaries/in/united-states/illinois/chicago,https://na6.salesforce.com/_ui/search/ui/UnifiedSearchResults?searchType=2&str=56099,dispensary,,3.81885544265192,1,zen-leaf-il-chicago,info@zenleafil.com,,Customer,<p>..</p>,<p>Place pre orders online at zenleafil.com</p>,America/Chicago,False
45200,853981789,https://weedmaps.com/dispensaries/rise-canton,RISE Canton,https://images.weedmaps.com/dispensaries/000/045/200/avatar/square_fill/1573598236-Rise_logo_square_2.0.png,<p>Welcome to the family! We're excited to announce that Salveo Health & Wellness is becoming Rise Canton! The same care and service you love with a new look and trusted name. </p>,11,4.67272727272727,,basic,1,medical,3104 North Main St,Canton,"Peoria, IL",Illinois,61520,(309) 647-9333,40.58028,-90.03393,"{'opening_time': None, 'closing_time': None, 'open_status': 'CLOSED', 'displayed_hours': 'Closed', 'minutes_till_close': None, 'opening_time_in_minutes': None, 'closing_time_in_minutes': None}",False,False,False,"{'sunday': 'Closed', 'monday': '10:00am -  5:00pm', 'tuesday': 'Closed', 'wednesday': '10:00am -  7:00pm', 'thursday': '10:00am -  5:00pm', 'friday': '10:00am -  7:00pm', 'saturday': '10:00am -  4:00pm'}",True,https://weedmaps.com/new_admin/dispensaries/rise-canton/edit,<p>Welcome to the family! We're excited to announce that Salveo Health & Wellness is becoming Rise Canton! The same care and service you love with a new look and trusted name. </p>,https://weedmaps.com/dispensaries/rise-canton,/dispensaries/in/united-states/illinois/peoria-springfield,https://na6.salesforce.com/_ui/search/ui/UnifiedSearchResults?searchType=2&str=45200,dispensary,,3.63743637293049,1,rise-canton,Canton@risecannabis.com,,Customer,,,America/Chicago,False
46487,928705193,https://weedmaps.com/dispensaries/windy-city-cannabis-posen,Windy City Cannabis - Posen,https://images.weedmaps.com/dispensaries/000/046/487/avatar/square_fill/1510582918-large_HafdnUgt_400x400.jpg,,7,5.0,,basic,1,medical,2535 Veterans Drive,Posen,Chicago South,Illinois,60469,(312) 874-7040,41.6317008,-87.681437,"{'opening_time': '10:00am', 'closing_time': ' 8:00pm', 'open_status': 'CLOSED', 'displayed_hours': 'Closed', 'minutes_till_close': -20, 'opening_time_in_minutes': 600, 'closing_time_in_minutes': 1200}",False,False,False,"{'sunday': '11:00am -  5:00pm', 'monday': '10:00am -  8:00pm', 'tuesday': '10:00am -  8:00pm', 'wednesday': '10:00am -  8:00pm', 'thursday': '10:00am -  8:00pm', 'friday': '10:00am -  8:00pm', 'saturday': '10:00am -  6:00pm'}",True,https://weedmaps.com/new_admin/dispensaries/windy-city-cannabis-posen/edit,,https://weedmaps.com/dispensaries/windy-city-cannabis-posen,/dispensaries/in/united-states/illinois/chicago-south,https://na6.salesforce.com/_ui/search/ui/UnifiedSearchResults?searchType=2&str=46487,dispensary,,3.55174797285423,1,windy-city-cannabis-posen,info@windycitycannabis.com,,Customer,,,America/Chicago,False
45873,467700505,https://weedmaps.com/dispensaries/windy-city-cannabis,Windy City Cannabis - Homewood,https://images.weedmaps.com/dispensaries/000/045/873/avatar/square_fill/1510582850-HafdnUgt_400x400.jpg,,7,5.0,,basic,1,medical,1137 West 175th Street,Homewood,Chicago South,Illinois,60430,(312) 874-7040,41.571911,-87.644792,"{'opening_time': '10:00am', 'closing_time': ' 8:00pm', 'open_status': 'CLOSED', 'displayed_hours': 'Closed', 'minutes_till_close': -20, 'opening_time_in_minutes': 600, 'closing_time_in_minutes': 1200}",False,False,False,"{'sunday': '11:00am -  5:00pm', 'monday': '10:00am -  8:00pm', 'tuesday': '10:00am -  8:00pm', 'wednesday': '10:00am -  8:00pm', 'thursday': '10:00am -  8:00pm', 'friday': '10:00am -  8:00pm', 'saturday': '10:00am -  6:00pm'}",True,https://weedmaps.com/new_admin/dispensaries/windy-city-cannabis/edit,,https://weedmaps.com/dispensaries/windy-city-cannabis,/dispensaries/in/united-states/illinois/chicago-south,https://na6.salesforce.com/_ui/search/ui/UnifiedSearchResults?searchType=2&str=45873,dispensary,,3.55174797285423,1,windy-city-cannabis,info@windycitycannabis.com,,Customer,,,America/Chicago,False,13
45683,611804725,https://weedmaps.com/dispensaries/hci-alternatives-2,HCI Alternatives - Springfield,https://images.weedmaps.com/dispensaries/000/045/683/avatar/square_fill/1571434455-original-1555785576.jpeg,"<p>Welcome to HCI where satisfying your unique, individual healthcare needs is our #1 priority! HCI Alternatives is committed to making their patients feel welcome and comfortable, providing a safe dispensary environment in Springfield, Illinois for them to legally purchase high-quality medical cannabis and regain their quality of life. </p>",13,4.38461538461539,,basic,1,medical,628 E. Adams St.,Springfield,"Springfield, IL",Illinois,62701,(217) 679-3283,39.800306,-89.646783,"{'opening_time': '10:00am', 'closing_time': ' 7:00pm', 'open_status': 'CLOSED', 'displayed_hours': 'Closed', 'minutes_till_close': -80, 'opening_time_in_minutes': 600, 'closing_time_in_minutes': 1140}",False,False,False,"{'sunday': '12:00pm -  4:00pm', 'monday': '10:00am -  7:00pm', 'tuesday': '10:00am -  7:00pm', 'wednesday': '10:00am -  7:00pm', 'thursday': '10:00am -  7:00pm', 'friday': '10:00am -  7:00pm', 'saturday': ' 9:00am -  5:00pm'}",True,https://weedmaps.com/new_admin/dispensaries/hci-alternatives-2/edit,"<p>Welcome to HCI where satisfying your unique, individual healthcare needs is our #1 priority! HCI Alternatives is committed to making their patients feel welcome and comfortable, providing a safe dispensary environment in Springfield, Illinois for them to legally purchase high-quality medical cannabis and regain their quality of life. </p>",https://weedmaps.com/dispensaries/hci-alternatives-2,/dispensaries/in/united-states/illinois/springfield,https://na6.salesforce.com/_ui/search/ui/UnifiedSearchResults?searchType=2&str=45683,dispensary,,3.51131217584875,1,hci-alternatives-2,springfield@hcillinois.com,,Customer,"<p class=""MsoNormal"">First time patients who visit HCI will receive a personal consultation with an experienced budtender, $10 credit on their purchase, a free HCI t-shirt, complimentary green bag, and a patient journal to refer to and track their cannabis journey.</p>",,America/Chicago,True,210
45482,998331375,https://weedmaps.com/dispensaries/pharmacannis-north-aurora,Verilife - North Aurora,https://images.weedmaps.com/dispensaries/000/045/482/avatar/square_fill/1562026982-Verilife_Instagram_icon_orange_IL-02.png,<p>How can we help you feel better today?</p>,10,4.46,,basic,1,medical,"161 S Lincoln Way, Suite 301",North Aurora,"Aurora, IL",Illinois,60542,(888) 493-6066,41.80074,-88.3254,"{'opening_time': '10:00am', 'closing_time': ' 7:00pm', 'open_status': 'CLOSED', 'displayed_hours': 'Closed', 'minutes_till_close': -80, 'opening_time_in_minutes': 600, 'closing_time_in_minutes': 1140}",False,False,False,"{'sunday': 'Closed', 'monday': '10:00am -  7:00pm', 'tuesday': '10:00am -  7:00pm', 'wednesday': '10:00am -  7:00pm', 'thursday': '10:00am -  7:00pm', 'friday': '10:00am -  7:00pm', 'saturday': ' 9:00am -  4:00pm'}",True,https://weedmaps.com/new_admin/dispensaries/pharmacannis-north-aurora/edit,<p>How can we help you feel better today?</p>,https://weedmaps.com/dispensaries/pharmacannis-north-aurora,/dispensaries/in/united-states/illinois/aurora-il,https://na6.salesforce.com/_ui/search/ui/UnifiedSearchResults?searchType=2&str=45482,dispensary,,3.39750518674432,1,pharmacannis-north-aurora,contact@verilife.com,,Customer,"<p>New Patient Discount</p> <p>Become a patient at Verilife and receive 15% off your first purchase.*</p> <p>*Offer good for new, first-time patients only. Some exclusions may apply.</p>","<p>Interested in joining a Verilife dispensary near you? Copy the link below and complete the form below, and we'll complete the transfer for you.</p> <p>https://www.verilife.com/il/patients-caregivers/transfer-to-verilife</p>",America/Chicago,False
45612,468482962,https://weedmaps.com/dispensaries/mapleglen-care-center,Mapleglen Care Center,https://images.weedmaps.com/dispensaries/000/045/612/avatar/square_fill/1510582904-1.jpg,<p>.</p>,15,4.2,,basic,1,medical,4777 Stenstrom Road,Rockford,Rockford,Illinois,61109,(779) 368-5154,42.224449,-89.023472,"{'opening_time': '10:00am', 'closing_time': ' 6:00pm', 'open_status': 'CLOSED', 'displayed_hours': 'Closed', 'minutes_till_close': -200, 'opening_time_in_minutes': 600, 'closing_time_in_minutes': 1080}",False,False,False,"{'sunday': 'Closed', 'monday': '10:00am -  6:00pm', 'tuesday': '10:00am -  6:00pm', 'wednesday': '10:00am -  6:00pm', 'thursday': '10:00am -  6:00pm', 'friday': '10:00am -  6:00pm', 'saturday': '10:00am -  6:00pm'}",True,https://weedmaps.com/new_admin/dispensaries/mapleglen-care-center/edit,<p>.</p>,https://weedmaps.com/dispensaries/mapleglen-care-center,/dispensaries/in/united-states/illinois/rockford,https://na6.salesforce.com/_ui/search/ui/UnifiedSearchResults?searchType=2&str=45612,dispensary,,3.30945848095643,1,mapleglen-care-center,mapleglen@gmail.com,,Customer,,,America/New_York,False
51463,891125582,https://weedmaps.com/dispensaries/greenhouse-morris,GREENHOUSE - Morris,https://images.weedmaps.com/dispensaries/000/051/463/avatar/square_fill/1556840705-1510582908-1.jpg,"<p>Please call for our product availability and hours of operation, our menu will be coming soon</p>",5,4.96,,basic,1,medical,2400 West US Route 6,Morris,"Ottawa, IL",Illinois,60450,(815) 564-2703,41.492421,-88.142231,"{'opening_time': '10:00am', 'closing_time': ' 7:00pm', 'open_status': 'CLOSED', 'displayed_hours': 'Closed', 'minutes_till_close': -80, 'opening_time_in_minutes': 600, 'closing_time_in_minutes': 1140}",False,False,False,"{'sunday': '10:00am -  5:00pm', 'monday': '10:00am -  7:00pm', 'tuesday': '10:00am -  7:00pm', 'wednesday': '10:00am -  7:00pm', 'thursday': '10:00am -  7:00pm', 'friday': '10:00am -  7:00pm', 'saturday': '10:00am -  5:00pm'}",True,https://weedmaps.com/new_admin/dispensaries/greenhouse-morris/edit,"<p>Please call for our product availability and hours of operation, our menu will be coming soon</p>",https://weedmaps.com/dispensaries/greenhouse-morris,/dispensaries/in/united-states/illinois/ottawa-il,https://na6.salesforce.com/_ui/search/ui/UnifiedSearchResults?searchType=2&str=51463,dispensary,,3.29643763602649,1,greenhouse-morris,mneubeck@greenhouseil.com,,Customer,,,America/Chicago,False
46695,518937084,https://weedmaps.com/dispensaries/herbal-remedies-il,Herbal Remedies,https://images.weedmaps.com/dispensaries/000/046/695/avatar/square_fill/1510582911-herballogo1-184x184.png,,5,5.0,,basic,1,medical,4440 Broadway St #12,Quincy,"Quincy, IL",Illinois,62305,(217) 214-6337,39.9345142,-91.3417125,"{'opening_time': '10:00am', 'closing_time': ' 6:00pm', 'open_status': 'CLOSED', 'displayed_hours': 'Closed', 'minutes_till_close': -140, 'opening_time_in_minutes': 600, 'closing_time_in_minutes': 1080}",False,False,False,"{'sunday': 'Closed', 'monday': '10:00am -  6:00pm', 'tuesday': '10:00am -  6:00pm', 'wednesday': '10:00am -  6:00pm', 'thursday': '10:00am -  6:00pm', 'friday': '10:00am -  6:00pm', 'saturday': '10:00am -  6:00pm'}",True,https://weedmaps.com/new_admin/dispensaries/herbal-remedies-il/edit,,https://weedmaps.com/dispensaries/herbal-remedies-il,/dispensaries/in/united-states/illinois/quincy-il,https://na6.salesforce.com/_ui/search/ui/UnifiedSearchResults?searchType=2&str=46695,dispensary,,3.28892714704344,1,herbal-remedies-il,info@herbalremidiesil.com,,Customer,,,America/Chicago,False
46400,872137859,https://weedmaps.com/dispensaries/medmen-chicago-oak-park,MedMen Chicago - Oak Park,https://images.weedmaps.com/dispensaries/000/046/400/avatar/square_fill/1568834043-MedMen_1.jpg,"<p>Visit MedMen Oak Park to shop a wide selection of premium cannabis. Explore vapes, flower, edibles, extracts and more with the help of our knowledgeable, trained associates and in-store technology.</p> <p>Follow us on Instagram @ShopMedMen</p>",12,4.05,,basic,1,medical,1132 Lake Street,Oak Park,Chicago North,Illinois,60131,(708) 665-3143,41.8880619,-87.7978506,"{'opening_time': ' 8:00am', 'closing_time': ' 7:00pm', 'open_status': 'CLOSED', 'displayed_hours': 'Closed', 'minutes_till_close': -80, 'opening_time_in_minutes': 480, 'closing_time_in_minutes': 1140}",False,False,False,"{'sunday': ' 8:00am -  7:00pm', 'monday': ' 8:00am -  7:00pm', 'tuesday': ' 8:00am -  7:00pm', 'wednesday': ' 8:00am -  7:00pm', 'thursday': ' 8:00am -  7:00pm', 'friday': ' 8:00am -  7:00pm', 'saturday': ' 8:00am -  7:00pm'}",True,https://weedmaps.com/new_admin/dispensaries/medmen-chicago-oak-park/edit,"<p>Visit MedMen Oak Park to shop a wide selection of premium cannabis. Explore vapes, flower, edibles, extracts and more with the help of our knowledgeable, trained associates and in-store technology.</p> <p>Follow us on Instagram @ShopMedMen</p>",https://weedmaps.com/dispensaries/medmen-chicago-oak-park,/dispensaries/in/united-states/illinois/chicago,https://na6.salesforce.com/_ui/search/ui/UnifiedSearchResults?searchType=2&str=46400,dispensary,,3.17520723899655,1,medmen-chicago-oak-park,info.oakpark@medmen.com,,Customer,<p>MedMen Chicago - Oak Park is available for medical cannabis sales. Please bring a valid form of ID verifying you are 21+ and a valid medical marijuana prescription. </p>,<p>Stay up-to-date by signing up for our MedMen weekly newsletter at MedMen.com/email.</p>,America/Chicago,False,365
61290,228371309,https://weedmaps.com/dispensaries/greengate-chicago-1,Greengate Chicago,https://images.weedmaps.com/dispensaries/000/061/290/avatar/square_fill/1547529706-gg11.jpg,"<p>15% OFF First Two Visits, 15% OFF For All Veteran & SSDI Patients, Two Parking Lots, Bulk Discounts, Daily Specials Menu, Over 50 Strains Of Flower, Over 25 Strains Of Concentrates, Huge Selection Of Edibles, RSO, Tincture, Topicals, Cartridges And Much More!</p>",4,5.0,,basic,1,medical,7305 N. Rogers Ave.,Chicago,Chicago North,Illinois,60626,(773) 516-4007,42.013765,-87.679818,"{'opening_time': '12:00pm', 'closing_time': ' 6:00pm', 'open_status': 'CLOSED', 'displayed_hours': 'Closed', 'minutes_till_close': -140, 'opening_time_in_minutes': 720, 'closing_time_in_minutes': 1080}",False,False,False,"{'sunday': '12:00pm -  6:00pm', 'monday': '12:00pm -  6:00pm', 'tuesday': '12:00pm -  6:00pm', 'wednesday': '12:00pm -  6:00pm', 'thursday': '10:00am -  7:00pm', 'friday': '10:00am -  7:00pm', 'saturday': '10:00am -  7:00pm'}",True,https://weedmaps.com/new_admin/dispensaries/greengate-chicago-1/edit,"<p>15% OFF First Two Visits, 15% OFF For All Veteran & SSDI Patients, Two Parking Lots, Bulk Discounts, Daily Specials Menu, Over 50 Strains Of Flower, Over 25 Strains Of Concentrates, Huge Selection Of Edibles, RSO, Tincture, Topicals, Cartridges And Much More!</p>",https://weedmaps.com/dispensaries/greengate-chicago-1,/dispensaries/in/united-states/illinois/chicago,https://na6.salesforce.com/_ui/search/ui/UnifiedSearchResults?searchType=2&str=61290,dispensary,,3.13298619085898,1,greengate-chicago-1,SayHi@GreenGateChicago.com,,Customer,,,America/Chicago,False
45481,196499651,https://weedmaps.com/dispensaries/pharmacannis-evanston,Verilife - Evanston,https://images.weedmaps.com/dispensaries/000/045/481/avatar/square_fill/1562027011-Verilife_Instagram_icon_orange_IL-02.png,"<p>How can we help you feel better today? Verilife is more than a cannabis dispensary—it’s a way to heal better, feel better and live better. At our local Evanston, IL cannabis dispensary we have the finest cannabis in flower, edible, tincture, and vapor form. All Verilife dispensaries have cannabis that is designed to work for everyone. Our Evanston dispensary is easy to get to, accessible to anyone and staffed with knowledgeable, compassionate, and engaged experts. From our medicinal cannabis products to our exceptional one-on-one customer care, we bring truth and transparency so you can live your highest quality of life.</p>",4,4.4,,basic,1,medical,1804 Maple Ave,Evanston,Chicago North,Illinois,60201,(888) 493-6066,42.050092,-87.684756,"{'opening_time': '10:00am', 'closing_time': ' 7:00pm', 'open_status': 'CLOSED', 'displayed_hours': 'Closed', 'minutes_till_close': -80, 'opening_time_in_minutes': 600, 'closing_time_in_minutes': 1140}",False,False,False,"{'sunday': 'Closed', 'monday': '10:00am -  7:00pm', 'tuesday': '10:00am -  7:00pm', 'wednesday': '10:00am -  7:00pm', 'thursday': '10:00am -  7:00pm', 'friday': '10:00am -  7:00pm', 'saturday': ' 9:00am -  4:00pm'}",True,https://weedmaps.com/new_admin/dispensaries/pharmacannis-evanston/edit,"<p>How can we help you feel better today? Verilife is more than a cannabis dispensary—it’s a way to heal better, feel better and live better. At our local Evanston, IL cannabis dispensary we have the finest cannabis in flower, edible, tincture, and vapor form. All Verilife dispensaries have cannabis that is designed to work for everyone. Our Evanston dispensary is easy to get to, accessible to anyone and staffed with knowledgeable, compassionate, and engaged experts. From our medicinal cannabis products to our exceptional one-on-one customer care, we bring truth and transparency so you can live your highest quality of life.</p>",https://weedmaps.com/dispensaries/pharmacannis-evanston,/dispensaries/in/united-states/illinois/chicago,https://na6.salesforce.com/_ui/search/ui/UnifiedSearchResults?searchType=2&str=45481,dispensary,,2.92876423409174,1,pharmacannis-evanston,contact@verilife.com,,Customer,"<p>New Patient Discount</p> <p>Become a patient at Verilife and receive 15% off your first purchase.*</p> <p>*Offer good for new, first-time patients only. Some exclusions may apply.</p>","<p>Interested in joining a Verilife dispensary near you? Copy the link below and complete the form below, and we'll complete the transfer for you.</p> <p>https://www.verilife.com/il/patients-caregivers/transfer-to-verilife</p>",America/Chicago,False
45518,448121592,https://weedmaps.com/dispensaries/rise-joliet,RISE Joliet,https://images.weedmaps.com/dispensaries/000/045/518/avatar/square_fill/1573598161-Rise_logo_square_2.0.png,<p>Welcome to the family! We're excited to announce that The 3C Joliet is becoming Rise Joliet! The same care and service you love with a new look and trusted name. </p>,4,4.45,,basic,1,medical,1627 Rock Creek Blvd.,Joliet,Joliet,Illinois,60431,(815) 773-9300,41.4911361,-88.1724364,"{'opening_time': '11:00am', 'closing_time': ' 6:00pm', 'open_status': 'CLOSED', 'displayed_hours': 'Closed', 'minutes_till_close': -140, 'opening_time_in_minutes': 660, 'closing_time_in_minutes': 1080}",False,False,False,"{'sunday': 'Closed', 'monday': '11:00am -  6:00pm', 'tuesday': '11:00am -  6:00pm', 'wednesday': 'Closed', 'thursday': '11:00am -  6:00pm', 'friday': '11:00am -  6:00pm', 'saturday': '11:00am -  5:00pm'}",True,https://weedmaps.com/new_admin/dispensaries/rise-joliet/edit,<p>Welcome to the family! We're excited to announce that The 3C Joliet is becoming Rise Joliet! The same care and service you love with a new look and trusted name. </p>,https://weedmaps.com/dispensaries/rise-joliet,/dispensaries/in/united-states/illinois/joliet,https://na6.salesforce.com/_ui/search/ui/UnifiedSearchResults?searchType=2&str=45518,dispensary,,2.92876423409174,1,rise-joliet,joliet@risecannabis.com,,Customer,,,America/Chicago,False
46373,637523234,https://weedmaps.com/dispensaries/greenhouse-mokena,GREENHOUSE - Mokena,https://images.weedmaps.com/dispensaries/000/046/373/avatar/square_fill/1510582908-1.jpg,,7,4.05714285714286,,basic,1,medical,"9930 W. 190th Street, Unit H",Mokena,Joliet,Illinois,60448,815-981-9328,41.546221,-87.858721,"{'opening_time': '10:00am', 'closing_time': ' 7:00pm', 'open_status': 'CLOSED', 'displayed_hours': 'Closed', 'minutes_till_close': -80, 'opening_time_in_minutes': 600, 'closing_time_in_minutes': 1140}",False,False,False,"{'sunday': '10:00am -  5:00pm', 'monday': '10:00am -  7:00pm', 'tuesday': '10:00am -  7:00pm', 'wednesday': '10:00am -  7:00pm', 'thursday': '10:00am -  7:00pm', 'friday': '10:00am -  7:00pm', 'saturday': '10:00am -  5:00pm'}",True,https://weedmaps.com/new_admin/dispensaries/greenhouse-mokena/edit,,https://weedmaps.com/dispensaries/greenhouse-mokena,/dispensaries/in/united-states/illinois/joliet,https://na6.salesforce.com/_ui/search/ui/UnifiedSearchResults?searchType=2&str=46373,dispensary,,2.84878906069789,1,greenhouse-mokena,jtaller@greenhouseil.com,,Customer,,,America/Chicago,False
49418,514332503,https://weedmaps.com/dispensaries/rise-effingham,RISE Effingham,https://images.weedmaps.com/dispensaries/000/049/418/avatar/square_fill/1573598012-Rise_logo_square_2.0.png,<p>Welcome to the family! We're excited to announce that The Clinic Effingham is becoming Rise Effingham! The same care and service you love with a new look and trusted name. </p>,9,3.77777777777778,,basic,1,medical,"1011 Ford Ave, Suite C",Effingham,Effingham,Illinois,62401,(217) 727-7715,39.13474,-88.55113,"{'opening_time': '11:00am', 'closing_time': ' 6:00pm', 'open_status': 'CLOSED', 'displayed_hours': 'Closed', 'minutes_till_close': -140, 'opening_time_in_minutes': 660, 'closing_time_in_minutes': 1080}",False,False,False,"{'sunday': '12:00pm -  3:00pm', 'monday': 'Closed', 'tuesday': '11:00am -  6:00pm', 'wednesday': '12:00am -  6:00pm', 'thursday': '12:00pm -  6:00pm', 'friday': '12:00pm -  7:00pm', 'saturday': '10:00am -  3:00pm'}",True,https://weedmaps.com/new_admin/dispensaries/rise-effingham/edit,<p>Welcome to the family! We're excited to announce that The Clinic Effingham is becoming Rise Effingham! The same care and service you love with a new look and trusted name. </p>,https://weedmaps.com/dispensaries/rise-effingham,/dispensaries/in/united-states/illinois/effingham,https://na6.salesforce.com/_ui/search/ui/UnifiedSearchResults?searchType=2&str=49418,dispensary,,2.82159588528876,1,rise-effingham,effingham@risecannabis.com,,Customer,,,America/Chicago,False
51465,474282648,https://weedmaps.com/dispensaries/greenhouse-litchfield,GREENHOUSE - Litchfield,https://images.weedmaps.com/dispensaries/000/051/465/avatar/square_fill/1565899391-baker_logos_800x600_greenhouse_lockup.jpg,,5,4.0,,basic,1,medical,719 West Union Ave.,Litchfield,Collinsville / Fairview Heights,Illinois,62056,217-636-3258,39.178303,-89.662879,"{'opening_time': '10:00am', 'closing_time': ' 7:00pm', 'open_status': 'CLOSED', 'displayed_hours': 'Closed', 'minutes_till_close': -80, 'opening_time_in_minutes': 600, 'closing_time_in_minutes': 1140}",False,False,False,"{'sunday': '10:00am -  5:00pm', 'monday': '10:00am -  7:00pm', 'tuesday': '10:00am -  7:00pm', 'wednesday': '10:00am -  7:00pm', 'thursday': '10:00am -  7:00pm', 'friday': '10:00am -  7:00pm', 'saturday': '10:00am -  5:00pm'}",True,https://weedmaps.com/new_admin/dispensaries/greenhouse-litchfield/edit,,https://weedmaps.com/dispensaries/greenhouse-litchfield,/dispensaries/in/united-states/illinois/collinsville-fairview-heights,https://na6.salesforce.com/_ui/search/ui/UnifiedSearchResults?searchType=2&str=51465,dispensary,,2.72129915885496,1,greenhouse-litchfield,cstupp@greenhouseil.com,,Customer,,,America/Chicago,False
43049,743362734,https://weedmaps.com/dispensaries/the-dispensary-fulton,The Dispensary Fulton,https://images.weedmaps.com/dispensaries/000/043/049/avatar/square_fill/1510582809-23.jpg,,2,5.0,,basic,1,medical,1801 16th Avenue,Fulton,Moline,Illinois,61252,(815) 208-7701 ,41.8621207,-90.1506261,"{'opening_time': '11:00am', 'closing_time': ' 7:00pm', 'open_status': 'CLOSED', 'displayed_hours': 'Closed', 'minutes_till_close': -80, 'opening_time_in_minutes': 660, 'closing_time_in_minutes': 1140}",False,False,False,"{'sunday': 'Closed', 'monday': '11:00am -  7:00pm', 'tuesday': '11:00am -  7:00pm', 'wednesday': '11:00am -  7:00pm', 'thursday': '11:00am -  7:00pm', 'friday': '11:00am -  7:00pm', 'saturday': '11:00am -  7:00pm'}",True,https://weedmaps.com/new_admin/dispensaries/the-dispensary-fulton/edit,,https://weedmaps.com/dispensaries/the-dispensary-fulton,/dispensaries/in/united-states/illinois/davenport-moline,https://na6.salesforce.com/_ui/search/ui/UnifiedSearchResults?searchType=2&str=43049,dispensary,,2.69737660687801,1,the-dispensary-fulton,info@thedispensaryfulton.com,,Customer,,,America/Chicago,False
46374,548684171,https://weedmaps.com/dispensaries/greenhouse-deerfield,GREENHOUSE - Deerfield,https://images.weedmaps.com/dispensaries/000/046/374/avatar/square_fill/1510582960-1.jpg,,2,5.0,,basic,1,medical,"151 Pfingsten Road, Unit V",Deerfield,Mundelein,Illinois,60015,847-773-5609,42.150765,-87.84817,"{'opening_time': '10:00am', 'closing_time': ' 7:00pm', 'open_status': 'CLOSED', 'displayed_hours': 'Closed', 'minutes_till_close': -80, 'opening_time_in_minutes': 600, 'closing_time_in_minutes': 1140}",False,False,False,"{'sunday': '10:00am -  5:00pm', 'monday': '10:00am -  7:00pm', 'tuesday': '10:00am -  7:00pm', 'wednesday': '10:00am -  7:00pm', 'thursday': '10:00am -  7:00pm', 'friday': '10:00am -  7:00pm', 'saturday': '10:00am -  5:00pm'}",True,https://weedmaps.com/new_admin/dispensaries/greenhouse-deerfield/edit,,https://weedmaps.com/dispensaries/greenhouse-deerfield,/dispensaries/in/united-states/illinois/mundelein,https://na6.salesforce.com/_ui/search/ui/UnifiedSearchResults?searchType=2&str=46374,dispensary,,2.69737660687801,1,greenhouse-deerfield,schristy@greenhouseil.com,,Customer,,,America/Chicago,False
46376,965835162,https://weedmaps.com/dispensaries/3c-dispensary-naperville,3C Compassionate Care Center - Naperville,https://images.weedmaps.com/square_fill/image_missing.jpg,,8,3.075,,basic,1,medical,"1700 Quincy Ave., Suite 103",Naperville,"Aurora, IL",Illinois,60540,(630) 369-4000,41.7606321,-88.1437782,"{'opening_time': '11:00am', 'closing_time': ' 6:00pm', 'open_status': 'CLOSED', 'displayed_hours': 'Closed', 'minutes_till_close': -140, 'opening_time_in_minutes': 660, 'closing_time_in_minutes': 1080}",False,False,False,"{'sunday': 'Closed', 'monday': 'Closed', 'tuesday': '11:00am -  6:00pm', 'wednesday': '11:00am -  6:00pm', 'thursday': '11:00am -  6:00pm', 'friday': '11:00am -  6:00pm', 'saturday': '11:00am -  5:00pm'}",True,https://weedmaps.com/new_admin/dispensaries/3c-dispensary-naperville/edit,,https://weedmaps.com/dispensaries/3c-dispensary-naperville,/dispensaries/in/united-states/illinois/aurora-il,https://na6.salesforce.com/_ui/search/ui/UnifiedSearchResults?searchType=2&str=46376,dispensary,,2.41915847707894,1,3c-dispensary-naperville,franco@3cwellness.com,,Customer,,,America/Chicago,False
45682,164029647,https://weedmaps.com/dispensaries/hci-alternatives,HCI Alternatives - Collinsville,https://images.weedmaps.com/dispensaries/000/045/682/avatar/square_fill/1571434415-original-1555785892.jpeg,"<p>HCI is committed to improving the quality of our patients lives by offering unrivaled quality, consistency and meticulously curated products that satisfy our patients unique, individual healthcare needs. We have created a comfortable environment where our patients are treated with warmth and respect. We take pleasure in introducing our patients to all the medical products available, while educating them on cannabis' many beneficial properties. We are committed to physician/patient stewardship and provide a safe and legal environment for educated decisions to be made on the right cannabis therapy for them. We offer a wide variety of flower, concentrates, edibles, topicals and tinctures from cultivators across the state including Ataraxia, Cresco, Grassroots, GTI, IESO, Natures Grace, PTS, Pharmacann, and Shelby County. Shop our live menu to see all that we have to offer today. Our Collinsville Dispensary is located right off Interstate 55-70 between the Double Tree Hotel and Illinois State Police Head Quarters on Eastport Plaza Drive. We are less than 10 minutes away from the famous Brooks Catsup Bottle Water-Tower (via Belt Line Road); Cahokia Mounds and Fairmount Park Race Track (via Bluff and Collinsville Road). Visit us at www.hcillinois.com anytime, or call the dispensary (618)-381-9229 during our operating hours if you would like to speak with a patient care specialist. Your health is our central mission, and our team is committed to guiding you on your cannabis journey.</p>",38,2.77368421052632,,basic,1,medical,1014 Eastport Plaza DR,Collinsville,Collinsville / Fairview Heights,Illinois,62234,(618) 381-9229,38.67911,-90.015334,"{'opening_time': '10:00am', 'closing_time': ' 7:00pm', 'open_status': 'CLOSED', 'displayed_hours': 'Closed', 'minutes_till_close': -80, 'opening_time_in_minutes': 600, 'closing_time_in_minutes': 1140}",False,False,False,"{'sunday': '12:00pm -  4:00pm', 'monday': '10:00am -  7:00pm', 'tuesday': '10:00am -  7:00pm', 'wednesday': '10:00am -  7:00pm', 'thursday': '10:00am -  7:00pm', 'friday': '10:00am -  7:00pm', 'saturday': ' 9:00am -  5:00pm'}",True,https://weedmaps.com/new_admin/dispensaries/hci-alternatives/edit,"<p>HCI is committed to improving the quality of our patients lives by offering unrivaled quality, consistency and meticulously curated products that satisfy our patients unique, individual healthcare needs. We have created a comfortable environment where our patients are treated with warmth and respect. We take pleasure in introducing our patients to all the medical products available, while educating them on cannabis' many beneficial properties. We are committed to physician/patient stewardship and provide a safe and legal environment for educated decisions to be made on the right cannabis therapy for them. We offer a wide variety of flower, concentrates, edibles, topicals and tinctures from cultivators across the state including Ataraxia, Cresco, Grassroots, GTI, IESO, Natures Grace, PTS, Pharmacann, and Shelby County. Shop our live menu to see all that we have to offer today. Our Collinsville Dispensary is located right off Interstate 55-70 between the Double Tree Hotel and Illinois State Police Head Quarters on Eastport Plaza Drive. We are less than 10 minutes away from the famous Brooks Catsup Bottle Water-Tower (via Belt Line Road); Cahokia Mounds and Fairmount Park Race Track (via Bluff and Collinsville Road). Visit us at www.hcillinois.com anytime, or call the dispensary (618)-381-9229 during our operating hours if you would like to speak with a patient care specialist. Your health is our central mission, and our team is committed to guiding you on your cannabis journey.</p>",https://weedmaps.com/dispensaries/hci-alternatives,/dispensaries/in/united-states/illinois/collinsville-fairview-heights,https://na6.salesforce.com/_ui/search/ui/UnifiedSearchResults?searchType=2&str=45682,dispensary,,2.36750999793143,1,hci-alternatives,collinsville@hcillinois.com,,Customer,"<p class=""MsoNormal"">First time patients who visit HCI will receive a one on one consultation with an experienced budtender, $10 credit on their purchase, a free HCI t-shirt, a complimentary green bag, and a patient journal to refer too and track their cannabis journey.</p>",,America/Chicago,True,234
45877,445649303,https://weedmaps.com/dispensaries/trinity-compassionate-care-centers,Trinity Compassionate Care Centers,https://images.weedmaps.com/dispensaries/000/045/877/avatar/square_fill/1510582859-11209690_1713968488841582_5777977365743206768_n.jpg,,5,3.4,,basic,1,medical,3125 N University St Suite B,Peoria,"Peoria, IL",Illinois,61604,(309) 863-2122,40.726325,-89.613763,"{'opening_time': '12:30pm', 'closing_time': ' 7:30pm', 'open_status': 'CLOSED', 'displayed_hours': 'Closed', 'minutes_till_close': -50, 'opening_time_in_minutes': 750, 'closing_time_in_minutes': 1170}",False,False,False,"{'sunday': '12:00pm -  4:00pm', 'monday': 'Closed', 'tuesday': '12:30pm -  7:30pm', 'wednesday': '12:30pm -  7:30pm', 'thursday': '12:30pm -  7:30pm', 'friday': '12:30pm -  7:30pm', 'saturday': '10:00am -  6:00pm'}",True,https://weedmaps.com/new_admin/dispensaries/trinity-compassionate-care-centers/edit,,https://weedmaps.com/dispensaries/trinity-compassionate-care-centers,/dispensaries/in/united-states/illinois/peoria-springfield,https://na6.salesforce.com/_ui/search/ui/UnifiedSearchResults?searchType=2&str=45877,dispensary,,2.34407944293877,1,trinity-compassionate-care-centers,bpercy@trinitymmj.com,,Customer,,,America/Chicago,False,15
45483,514753681,https://weedmaps.com/dispensaries/pharmacannis-schaumburg,Verilife - Arlington Heights,https://images.weedmaps.com/dispensaries/000/045/483/avatar/square_fill/1562026955-Verilife_Instagram_icon_orange_IL-02.png,<p>How can we help you feel better today?</p>,6,2.86666666666667,,basic,1,medical,1816 S Arlington Heights Rd,Arlington Heights,Chicago North,Illinois,60005,(888) 493-6066,42.052865,-87.983468,"{'opening_time': '10:00am', 'closing_time': ' 7:00pm', 'open_status': 'CLOSED', 'displayed_hours': 'Closed', 'minutes_till_close': -80, 'opening_time_in_minutes': 600, 'closing_time_in_minutes': 1140}",False,False,False,"{'sunday': 'Closed', 'monday': '10:00am -  7:00pm', 'tuesday': '10:00am -  7:00pm', 'wednesday': '10:00am -  7:00pm', 'thursday': '10:00am -  7:00pm', 'friday': '10:00am -  7:00pm', 'saturday': ' 9:00am -  4:00pm'}",True,https://weedmaps.com/new_admin/dispensaries/pharmacannis-schaumburg/edit,<p>How can we help you feel better today?</p>,https://weedmaps.com/dispensaries/pharmacannis-schaumburg,/dispensaries/in/united-states/illinois/chicago,https://na6.salesforce.com/_ui/search/ui/UnifiedSearchResults?searchType=2&str=45483,dispensary,,2.11065493795734,1,pharmacannis-schaumburg,contact@verilife.com,,Customer,"<p>New Patient Discount</p> <p>Become a patient at Verilife and receive 15% off your first purchase.*</p> <p>*Offer good for new, first-time patients only. Some exclusions may apply.</p>",<p>Interested in joining a Verilife dispensary near you? Copy the link below and complete the form below and we'll complete the transfer for you.</p> <p>https://www.verilife.com/il/patients-caregivers/transfer-to-verilife</p>,America/Chicago,False
45874,131198072,https://weedmaps.com/dispensaries/windy-city-cannabis-2,Windy City Cannabis - Justice,https://images.weedmaps.com/dispensaries/000/045/874/avatar/square_fill/1510582859-large_HafdnUgt_400x400.jpg,,7,2.71428571428571,,basic,1,medical,8340 South Roberts Road,Justice,Chicago South,Illinois,60458,(312) 874-7040,41.739299,-87.818803,"{'opening_time': '10:00am', 'closing_time': ' 8:00pm', 'open_status': 'CLOSED', 'displayed_hours': 'Closed', 'minutes_till_close': -20, 'opening_time_in_minutes': 600, 'closing_time_in_minutes': 1200}",False,False,False,"{'sunday': '11:00am -  5:00pm', 'monday': '10:00am -  8:00pm', 'tuesday': '10:00am -  8:00pm', 'wednesday': '10:00am -  8:00pm', 'thursday': '10:00am -  8:00pm', 'friday': '10:00am -  8:00pm', 'saturday': '10:00am -  6:00pm'}",True,https://weedmaps.com/new_admin/dispensaries/windy-city-cannabis-2/edit,,https://weedmaps.com/dispensaries/windy-city-cannabis-2,/dispensaries/in/united-states/illinois/chicago-south,https://na6.salesforce.com/_ui/search/ui/UnifiedSearchResults?searchType=2&str=45874,dispensary,,2.02255853770216,1,windy-city-cannabis-2,info@windycitycannabis.com,,Customer,,,America/Chicago,False
46372,918481995,https://weedmaps.com/dispensaries/windy-city-cannabis-2-2,Windy City Cannabis - Worth,https://images.weedmaps.com/dispensaries/000/046/372/avatar/square_fill/1510582960-large_HafdnUgt_400x400.jpg,,5,2.2,,basic,1,medical,11425 South Harlem Avenue,Worth,Chicago South,Illinois,60482,(312) 874-7040,41.6847296,-87.7910891,"{'opening_time': '10:00am', 'closing_time': ' 8:00pm', 'open_status': 'CLOSED', 'displayed_hours': 'Closed', 'minutes_till_close': -20, 'opening_time_in_minutes': 600, 'closing_time_in_minutes': 1200}",False,False,False,"{'sunday': '11:00am -  5:00pm', 'monday': '10:00am -  8:00pm', 'tuesday': '10:00am -  8:00pm', 'wednesday': '10:00am -  8:00pm', 'thursday': '10:00am -  8:00pm', 'friday': '10:00am -  8:00pm', 'saturday': '10:00am -  6:00pm'}",True,https://weedmaps.com/new_admin/dispensaries/windy-city-cannabis-2-2/edit,,https://weedmaps.com/dispensaries/windy-city-cannabis-2-2,/dispensaries/in/united-states/illinois/chicago-south,https://na6.salesforce.com/_ui/search/ui/UnifiedSearchResults?searchType=2&str=46372,dispensary,,1.82288996918068,1,windy-city-cannabis-2-2,info@windycitycannabis.com,,Customer,,,America/Chicago,False
45266,570186054,https://weedmaps.com/dispensaries/harbory-medical-cannabis-dispensary,Harbory Medical Cannabis Dispensary,https://images.weedmaps.com/square_fill/image_missing.jpg,,9,4.84444444444444,,free,0,medical,8195 Express Drive,Marion,Marion,Illinois,62959,(618) 969-8217,37.746172,-89.008412,"{'opening_time': '10:00am', 'closing_time': ' 6:00pm', 'open_status': 'CLOSED', 'displayed_hours': 'Closed', 'minutes_till_close': -200, 'opening_time_in_minutes': 600, 'closing_time_in_minutes': 1080}",False,False,False,"{'sunday': 'Closed', 'monday': '10:00am -  6:00pm', 'tuesday': '10:00am -  6:00pm', 'wednesday': '10:00am -  6:00pm', 'thursday': '10:00am -  6:00pm', 'friday': '10:00am -  6:00pm', 'saturday': '10:00am -  5:00pm'}",True,https://weedmaps.com/new_admin/dispensaries/harbory-medical-cannabis-dispensary/edit,,https://weedmaps.com/dispensaries/harbory-medical-cannabis-dispensary,/dispensaries/in/united-states/illinois/marion,https://na6.salesforce.com/_ui/search/ui/UnifiedSearchResults?searchType=2&str=45266,dispensary,,3.67591373530176,0,harbory-medical-cannabis-dispensary,info@harbory.us.com,,Customer,,,America/New_York,False
46547,351906235,https://weedmaps.com/dispensaries/natures-care,Nature's Care,https://images.weedmaps.com/square_fill/image_missing.jpg,,81,4.70864197530864,,free,0,medical,975 Rohlwing Road,Rolling Meadows,Chicago North,Illinois,60008,(847) 754-4955,42.099436,-88.024704,"{'opening_time': '11:00am', 'closing_time': ' 5:00pm', 'open_status': 'CLOSED', 'displayed_hours': 'Closed', 'minutes_till_close': -200, 'opening_time_in_minutes': 660, 'closing_time_in_minutes': 1020}",False,False,False,"{'sunday': 'Closed', 'monday': '11:00am -  7:00pm', 'tuesday': '11:00am -  5:00pm', 'wednesday': '11:00am -  7:00pm', 'thursday': '11:00am -  7:00pm', 'friday': '11:00am -  7:00pm', 'saturday': '11:00am -  4:00pm'}",True,https://weedmaps.com/new_admin/dispensaries/natures-care/edit,,https://weedmaps.com/dispensaries/natures-care,/dispensaries/in/united-states/illinois/chicago,https://na6.salesforce.com/_ui/search/ui/UnifiedSearchResults?searchType=2&str=46547,dispensary,,4.47563504349889,0,natures-care,social@naturescarecompany.com,,Customer,,,America/Chicago,False
45676,527818087,https://weedmaps.com/dispensaries/pdi-medical,PDI Medical,https://images.weedmaps.com/square_fill/image_missing.jpg,,39,4.83589743589744,,free,0,medical,1623 Barclay Blvd,Buffalo Grove,Chicago North,Illinois,60089,(224) 377-9734,42.180719,-87.934165,"{'opening_time': '10:00am', 'closing_time': ' 7:00pm', 'open_status': 'CLOSED', 'displayed_hours': 'Closed', 'minutes_till_close': -80, 'opening_time_in_minutes': 600, 'closing_time_in_minutes': 1140}",False,False,False,"{'sunday': '10:00am -  5:00pm', 'monday': '10:00am -  7:00pm', 'tuesday': '10:00am -  7:00pm', 'wednesday': '10:00am -  7:00pm', 'thursday': '10:00am -  7:00pm', 'friday': '10:00am -  7:00pm', 'saturday': '10:00am -  7:00pm'}",True,https://weedmaps.com/new_admin/dispensaries/pdi-medical/edit,,https://weedmaps.com/dispensaries/pdi-medical,/dispensaries/in/united-states/illinois/chicago,https://na6.salesforce.com/_ui/search/ui/UnifiedSearchResults?searchType=2&str=45676,dispensary,,4.43085035616484,0,pdi-medical,1623PDI@gmail.com,,Customer,,,America/Chicago,False,145
46924,546537506,https://weedmaps.com/dispensaries/floramedex,FloraMedex,https://images.weedmaps.com/square_fill/image_missing.jpg,,33,4.84848484848485,,free,0,medical,7955 W. Grand Ave.,Elmwood Park,Chicago North,Illinois,60707,(708) 452-7688,41.927069,-87.825764,"{'opening_time': '10:00am', 'closing_time': ' 7:00pm', 'open_status': 'CLOSED', 'displayed_hours': 'Closed', 'minutes_till_close': -80, 'opening_time_in_minutes': 600, 'closing_time_in_minutes': 1140}",False,False,False,"{'sunday': '10:00am -  5:00pm', 'monday': '10:00am -  7:00pm', 'tuesday': '10:00am -  7:00pm', 'wednesday': '10:00am -  7:00pm', 'thursday': '10:00am -  7:00pm', 'friday': '10:00am -  7:00pm', 'saturday': '10:00am -  7:00pm'}",True,https://weedmaps.com/new_admin/dispensaries/floramedex/edit,,https://weedmaps.com/dispensaries/floramedex,/dispensaries/in/united-states/illinois/chicago,https://na6.salesforce.com/_ui/search/ui/UnifiedSearchResults?searchType=2&str=46924,dispensary,,4.33055630369813,0,floramedex,info@floramedex.com,,Customer,,,America/Chicago,True,163
46743,371214457,https://weedmaps.com/dispensaries/phoenix-botanical,Phoenix Botanical,https://images.weedmaps.com/square_fill/image_missing.jpg,,90,4.50666666666667,,free,0,medical,"1704 S Neil Street, Suite C",Champaign,Champaign / Urbana,Illinois,61820,(217) 441-2076,40.1166102,-88.2412504,"{'opening_time': '10:00am', 'closing_time': ' 7:00pm', 'open_status': 'CLOSED', 'displayed_hours': 'Closed', 'minutes_till_close': -80, 'opening_time_in_minutes': 600, 'closing_time_in_minutes': 1140}",False,False,False,"{'sunday': '10:00am -  5:00pm', 'monday': '10:00am -  7:00pm', 'tuesday': '10:00am -  7:00pm', 'wednesday': '10:00am -  7:00pm', 'thursday': '10:00am -  7:00pm', 'friday': '10:00am -  7:00pm', 'saturday': '10:00am -  7:00pm'}",True,https://weedmaps.com/new_admin/dispensaries/phoenix-botanical/edit,,https://weedmaps.com/dispensaries/phoenix-botanical,/dispensaries/in/united-states/illinois/champaign-urbana,https://na6.salesforce.com/_ui/search/ui/UnifiedSearchResults?searchType=2&str=46743,dispensary,,4.25447420843013,0,phoenix-botanical,team@phoenixbotanical.net,,Customer,,,America/Chicago,False
46867,830612256,https://weedmaps.com/dispensaries/nature-s-treatment-of-illinois-3,Nature's Treatment of Illinois,https://images.weedmaps.com/square_fill/image_missing.jpg,,25,4.76,,free,0,medical,973 Tech Drive,Milan,Moline,Illinois,61264,(309) 283-7642,41.442732,-90.541865,"{'opening_time': '10:00am', 'closing_time': ' 5:00pm', 'open_status': 'CLOSED', 'displayed_hours': 'Closed', 'minutes_till_close': -200, 'opening_time_in_minutes': 600, 'closing_time_in_minutes': 1020}",False,False,False,"{'sunday': 'Closed', 'monday': '10:00am -  5:00pm', 'tuesday': '10:00am -  5:00pm', 'wednesday': '10:00am -  7:00pm', 'thursday': '10:00am -  7:00pm', 'friday': '10:00am -  6:00pm', 'saturday': '10:00am -  4:00pm'}",True,https://weedmaps.com/new_admin/dispensaries/nature-s-treatment-of-illinois-3/edit,,https://weedmaps.com/dispensaries/nature-s-treatment-of-illinois-3,/dispensaries/in/united-states/illinois/davenport-moline,https://na6.salesforce.com/_ui/search/ui/UnifiedSearchResults?searchType=2&str=46867,dispensary,,4.11156779056014,0,nature-s-treatment-of-illinois-3,info@ntillinois.com,,Customer,,,America/Chicago,False
45616,793278564,https://weedmaps.com/dispensaries/new-age-care,New Age Care,https://images.weedmaps.com/square_fill/image_missing.jpg,,13,5.0,,free,0,medical,2015 E. Euclid,Mount Prospect,Chicago North,Illinois,60056,(224) 801-2015,42.08781,-87.893865,"{'opening_time': '10:00am', 'closing_time': ' 7:00pm', 'open_status': 'CLOSED', 'displayed_hours': 'Closed', 'minutes_till_close': -80, 'opening_time_in_minutes': 600, 'closing_time_in_minutes': 1140}",False,False,False,"{'sunday': '10:00am -  2:00pm', 'monday': '10:00am -  7:00pm', 'tuesday': '10:00am -  7:00pm', 'wednesday': '10:00am -  7:00pm', 'thursday': '10:00am -  7:00pm', 'friday': '10:00am -  7:00pm', 'saturday': ' 9:00am -  5:00pm'}",True,https://weedmaps.com/new_admin/dispensaries/new-age-care/edit,,https://weedmaps.com/dispensaries/new-age-care,/dispensaries/in/united-states/illinois/chicago,https://na6.salesforce.com/_ui/search/ui/UnifiedSearchResults?searchType=2&str=45616,dispensary,,4.00332014985747,0,new-age-care,info@newagecare.org,,Customer,,,America/Chicago,False
47013,477976891,https://weedmaps.com/dispensaries/thrive-harrisburg,Thrive - Harrisburg,https://images.weedmaps.com/square_fill/image_missing.jpg,,20,4.69,,free,0,medical,105 N. Veterans Drive,Harrisburg,Marion,Illinois,62946,(618) 715-0882,37.7383812,-88.540607,"{'opening_time': '10:00am', 'closing_time': ' 6:00pm', 'open_status': 'CLOSED', 'displayed_hours': 'Closed', 'minutes_till_close': -200, 'opening_time_in_minutes': 600, 'closing_time_in_minutes': 1080}",False,False,False,"{'sunday': 'Closed', 'monday': '10:00am -  6:00pm', 'tuesday': '10:00am -  6:00pm', 'wednesday': '10:00am -  6:00pm', 'thursday': '10:00am -  6:00pm', 'friday': '10:00am -  6:00pm', 'saturday': '10:00am -  2:00pm'}",True,https://weedmaps.com/new_admin/dispensaries/thrive-harrisburg/edit,,https://weedmaps.com/dispensaries/thrive-harrisburg,/dispensaries/in/united-states/illinois/marion,https://na6.salesforce.com/_ui/search/ui/UnifiedSearchResults?searchType=2&str=47013,dispensary,,3.95191516719041,0,thrive-harrisburg,info@thriveil.com,,Customer,,,America/New_York,False
45452,119634489,https://weedmaps.com/dispensaries/medmar-rockford-llc,"MEDMAR - Rockford, LLC",https://images.weedmaps.com/square_fill/image_missing.jpg,,21,4.42857142857143,,free,0,medical,2696 N. McFarland Rd,Rockford,Rockford,Illinois,61107,(815) 314-1900,42.299683,-88.978982,"{'opening_time': '10:00am', 'closing_time': ' 7:00pm', 'open_status': 'CLOSED', 'displayed_hours': 'Closed', 'minutes_till_close': -140, 'opening_time_in_minutes': 600, 'closing_time_in_minutes': 1140}",False,False,False,"{'sunday': '10:00am -  5:00pm', 'monday': '10:00am -  7:00pm', 'tuesday': '10:00am -  7:00pm', 'wednesday': '10:00am -  7:00pm', 'thursday': '10:00am -  7:00pm', 'friday': '10:00am -  7:00pm', 'saturday': '10:00am -  7:00pm'}",True,https://weedmaps.com/new_admin/dispensaries/medmar-rockford-llc/edit,,https://weedmaps.com/dispensaries/medmar-rockford-llc,/dispensaries/in/united-states/illinois/rockford,https://na6.salesforce.com/_ui/search/ui/UnifiedSearchResults?searchType=2&str=45452,dispensary,,3.71621198168971,0,medmar-rockford-llc,info@medmardispensary.com,,Customer,,,America/New_York,False,100
49397,298141174,https://weedmaps.com/dispensaries/numed-urbana-il,NuMed - Urbana,https://images.weedmaps.com/square_fill/image_missing.jpg,,42,3.77142857142857,,free,0,medical,105 East University Avenue,Urbana,Champaign / Urbana,Illinois,61801,(217) 607-2867,40.115973,-88.206339,"{'opening_time': '11:00am', 'closing_time': ' 6:00pm', 'open_status': 'CLOSED', 'displayed_hours': 'Closed', 'minutes_till_close': -140, 'opening_time_in_minutes': 660, 'closing_time_in_minutes': 1080}",False,False,False,"{'sunday': '12:00pm -  5:00pm', 'monday': '11:00am -  6:00pm', 'tuesday': '11:00am -  6:00pm', 'wednesday': '11:00am -  6:00pm', 'thursday': '11:00am -  6:00pm', 'friday': '11:00am -  6:00pm', 'saturday': '12:00pm -  5:00pm'}",True,https://weedmaps.com/new_admin/dispensaries/numed-urbana-il/edit,,https://weedmaps.com/dispensaries/numed-urbana-il,/dispensaries/in/united-states/illinois/champaign-urbana,https://na6.salesforce.com/_ui/search/ui/UnifiedSearchResults?searchType=2&str=49397,dispensary,,3.27975541413614,0,numed-urbana-il,sjohnson@numed.com,,Customer,,,America/Chicago,False
45340,987023782,https://weedmaps.com/dispensaries/dispensary-33,Dispensary 33,https://images.weedmaps.com/square_fill/image_missing.jpg,,15,3.85333333333333,,free,0,medical,5001 N. Clark St.,Chicago,Chicago North,Illinois,60640,(312) 620-3333,41.972695,-87.667691,"{'opening_time': '10:00am', 'closing_time': ' 7:00pm', 'open_status': 'CLOSED', 'displayed_hours': 'Closed', 'minutes_till_close': -80, 'opening_time_in_minutes': 600, 'closing_time_in_minutes': 1140}",False,False,False,"{'sunday': '10:00am -  7:00pm', 'monday': '10:00am -  3:00pm', 'tuesday': '10:00am -  7:00pm', 'wednesday': '10:00am -  7:00pm', 'thursday': '10:00am -  7:00pm', 'friday': '10:00am -  7:00pm', 'saturday': '10:00am -  7:00pm'}",True,https://weedmaps.com/new_admin/dispensaries/dispensary-33/edit,,https://weedmaps.com/dispensaries/dispensary-33,/dispensaries/in/united-states/illinois/chicago,https://na6.salesforce.com/_ui/search/ui/UnifiedSearchResults?searchType=2&str=45340,dispensary,,3.12481890878343,0,dispensary-33,info@dispensary33.com,,Customer,,,America/Chicago,False
47014,656676765,https://weedmaps.com/dispensaries/thrive-anna,Thrive - Anna,https://images.weedmaps.com/square_fill/image_missing.jpg,,8,4.075,,free,0,medical,87 Richview Drive,Anna,Marion,Illinois,62906,(618) 715-0887,37.4603274,-89.2470282,"{'opening_time': '10:00am', 'closing_time': ' 6:00pm', 'open_status': 'CLOSED', 'displayed_hours': 'Closed', 'minutes_till_close': -200, 'opening_time_in_minutes': 600, 'closing_time_in_minutes': 1080}",False,False,False,"{'sunday': 'Closed', 'monday': '10:00am -  6:00pm', 'tuesday': '10:00am -  6:00pm', 'wednesday': '10:00am -  6:00pm', 'thursday': '10:00am -  6:00pm', 'friday': '10:00am -  6:00pm', 'saturday': '10:00am -  2:00pm'}",True,https://weedmaps.com/new_admin/dispensaries/thrive-anna/edit,,https://weedmaps.com/dispensaries/thrive-anna,/dispensaries/in/united-states/illinois/marion,https://na6.salesforce.com/_ui/search/ui/UnifiedSearchResults?searchType=2&str=47014,dispensary,,2.99217336151851,0,thrive-anna,info@thriveil.com,,Customer,,,America/New_York,False
47028,949274841,https://weedmaps.com/dispensaries/elevele,elevele®,https://images.weedmaps.com/square_fill/image_missing.jpg,,6,4.33333333333333,,free,0,medical,"1460 Old Skokie Road, Unit A",Highland Park,Mundelein,Illinois,60035,(847) 780-3942,42.1816918,-87.8003437,"{'opening_time': '11:00am', 'closing_time': ' 6:00pm', 'open_status': 'CLOSED', 'displayed_hours': 'Closed', 'minutes_till_close': -140, 'opening_time_in_minutes': 660, 'closing_time_in_minutes': 1080}",False,False,False,"{'sunday': 'Closed', 'monday': '11:00am -  6:00pm', 'tuesday': '11:00am -  6:00pm', 'wednesday': '11:00am -  6:00pm', 'thursday': '11:00am -  6:00pm', 'friday': '11:00am -  7:00pm', 'saturday': '11:00am -  6:00pm'}",True,https://weedmaps.com/new_admin/dispensaries/elevele/edit,,https://weedmaps.com/dispensaries/elevele,/dispensaries/in/united-states/illinois/mundelein,https://na6.salesforce.com/_ui/search/ui/UnifiedSearchResults?searchType=2&str=47028,dispensary,,2.96487519317388,0,elevele,info@elevele.net,,Customer,,,America/Chicago,False
55590,158614161,https://weedmaps.com/dispensaries/medmar-lakeview,MedMar Lakeview,https://images.weedmaps.com/square_fill/image_missing.jpg,,2,5.0,,free,0,medical,3812 N Clark St,Chicago,Chicago North,Illinois,60613,(773) 698-8182,41.951385,-87.66021,"{'opening_time': '10:00am', 'closing_time': ' 7:00pm', 'open_status': 'CLOSED', 'displayed_hours': 'Closed', 'minutes_till_close': -80, 'opening_time_in_minutes': 600, 'closing_time_in_minutes': 1140}",False,False,False,"{'sunday': '10:00am -  5:00pm', 'monday': '10:00am -  7:00pm', 'tuesday': '10:00am -  7:00pm', 'wednesday': '10:00am -  7:00pm', 'thursday': '10:00am -  7:00pm', 'friday': '10:00am -  7:00pm', 'saturday': '10:00am -  7:00pm'}",True,https://weedmaps.com/new_admin/dispensaries/medmar-lakeview/edit,,https://weedmaps.com/dispensaries/medmar-lakeview,/dispensaries/in/united-states/illinois/chicago,https://na6.salesforce.com/_ui/search/ui/UnifiedSearchResults?searchType=2&str=55590,dispensary,,2.69737660687801,0,medmar-lakeview,info@medmardispensary.com,,Customer,,,America/Chicago,False
58753,127364097,https://weedmaps.com/dispensaries/numed-downtown-chicago,nuMed (Downtown Chicago) - Coming Soon,https://images.weedmaps.com/square_fill/image_missing.jpg,,0,0.0,,free,0,medical,1308 W North Ave,Chicago,Chicago North,Illinois,60642,(773) 687-8480,41.910987,-87.660858,"{'opening_time': None, 'closing_time': None, 'open_status': 'CLOSED', 'displayed_hours': 'Closed', 'minutes_till_close': None, 'opening_time_in_minutes': None, 'closing_time_in_minutes': None}",False,False,False,"{'sunday': 'Closed', 'monday': 'Closed', 'tuesday': 'Closed', 'wednesday': 'Closed', 'thursday': 'Closed', 'friday': 'Closed', 'saturday': 'Closed'}",True,https://weedmaps.com/new_admin/dispensaries/numed-downtown-chicago/edit,,https://weedmaps.com/dispensaries/numed-downtown-chicago,/dispensaries/in/united-states/illinois/chicago,https://na6.salesforce.com/_ui/search/ui/UnifiedSearchResults?searchType=2&str=58753,dispensary,,2.04737205583712,0,numed-downtown-chicago,chicago@numed.com,,Customer,,,America/Chicago,False
